{
    "invocation_name": "mapping manuscript migrations personal assistant",
    "intents": [
        "getAllResultsPreviousQuery",
        "getQueryExplanation",
        "getFurtherDetails",
        "getPropertyObject",
        "getDescription",
        "getNumericFilter",
        "getNumericFilterByClass",
        "getClassInstances",
        "getTripleVerification",
        "getSuperlative",
        "getPropertySubjectByClass",
        "getPropertySubject"
    ],
    "lang": "en",
    "result_limit": 5,
    "endpoint": "http://ldf.fi/mmm/sparql",
    "entity": {
        "actor activity": {
            "urls": [
                "<http://ldf.fi/schema/mmm/ActorActivity>"
            ]
        },
        "place nationality": {
            "urls": [
                "<http://ldf.fi/schema/mmm/PlaceNationality>"
            ]
        },
        "expression creation": {
            "urls": [
                "<http://erlangen-crm.org/efrbroo/F28_Expression_Creation>"
            ]
        },
        "manuscript activity": {
            "urls": [
                "<http://ldf.fi/schema/mmm/ManuscriptActivity>"
            ]
        },
        "work conception": {
            "urls": [
                "<http://erlangen-crm.org/efrbroo/F27_Work_Conception>"
            ]
        },
        "expression": {
            "urls": [
                "<http://erlangen-crm.org/efrbroo/F2_Expression>"
            ]
        },
        "manifestation singleton": {
            "urls": [
                "<http://erlangen-crm.org/efrbroo/F4_Manifestation_Singleton>"
            ]
        },
        "work": {
            "urls": [
                "<http://erlangen-crm.org/efrbroo/F1_Work>"
            ]
        },
        "source": {
            "urls": [
                "<http://ldf.fi/schema/mmm/Source>"
            ]
        },
        "columns": {
            "urls": [
                "<http://ldf.fi/schema/mmm/Columns>"
            ]
        },
        "decorated initials": {
            "urls": [
                "<http://ldf.fi/schema/mmm/DecoratedInitials>"
            ]
        },
        "folios": {
            "urls": [
                "<http://ldf.fi/schema/mmm/Folios>"
            ]
        },
        "height": {
            "urls": [
                "<http://ldf.fi/schema/mmm/Height>"
            ]
        },
        "historiated initials": {
            "urls": [
                "<http://ldf.fi/schema/mmm/HistoriatedInitials>"
            ]
        },
        "lines": {
            "urls": [
                "<http://ldf.fi/schema/mmm/Lines>"
            ]
        },
        "miniatures": {
            "urls": [
                "<http://ldf.fi/schema/mmm/Miniatures>"
            ]
        },
        "width": {
            "urls": [
                "<http://ldf.fi/schema/mmm/Width>"
            ]
        },
        "ontology": {
            "urls": [
                "<http://www.w3.org/2002/07/owl#Ontology>"
            ]
        },
        "property": {
            "urls": [
                "<http://www.w3.org/1999/02/22-rdf-syntax-ns#Property>",
                "<http://www.w3.org/2000/01/rdf-schema#Property>"
            ]
        },
        "class": {
            "urls": [
                "<http://www.w3.org/2002/07/owl#Class>",
                "<http://www.w3.org/2000/01/rdf-schema#Class>"
            ]
        },
        "datatype property": {
            "urls": [
                "<http://www.w3.org/2002/07/owl#DatatypeProperty>"
            ]
        },
        "annotation property": {
            "urls": [
                "<http://www.w3.org/2002/07/owl#AnnotationProperty>"
            ]
        },
        "object property": {
            "urls": [
                "<http://www.w3.org/2002/07/owl#ObjectProperty>"
            ]
        },
        "database": {
            "urls": [
                "<http://ldf.fi/schema/mmm/Database>"
            ]
        },
        "bibale place type": {
            "urls": [
                "<http://ldf.fi/schema/mmm/Bibale_place_type>"
            ]
        },
        "restriction": {
            "urls": [
                "<http://www.w3.org/2002/07/owl#Restriction>"
            ]
        },
        "transitive property": {
            "urls": [
                "<http://www.w3.org/2002/07/owl#TransitiveProperty>"
            ]
        },
        "symmetric property": {
            "urls": [
                "<http://www.w3.org/2002/07/owl#SymmetricProperty>"
            ]
        },
        "functional property": {
            "urls": [
                "<http://www.w3.org/2002/07/owl#FunctionalProperty>"
            ]
        },
        "inverse functional property": {
            "urls": [
                "<http://www.w3.org/2002/07/owl#InverseFunctionalProperty>"
            ]
        },
        "dataset": {
            "urls": [
                "<http://www.w3.org/ns/sparql-service-description#Dataset>",
                "<http://rdfs.org/ns/void#Dataset>",
                "<http://www.w3.org/ns/dcat#Dataset>"
            ]
        },
        "named graph": {
            "urls": [
                "<http://www.w3.org/ns/sparql-service-description#NamedGraph>"
            ]
        },
        "graph": {
            "urls": [
                "<http://www.w3.org/ns/sparql-service-description#Graph>"
            ]
        },
        "service": {
            "urls": [
                "<http://www.w3.org/ns/sparql-service-description#Service>"
            ]
        },
        "organization": {
            "urls": [
                "<http://xmlns.com/foaf/0.1/Organization>"
            ]
        },
        "resource": {
            "urls": [
                "<http://www.w3.org/2000/01/rdf-schema#Resource>"
            ]
        },
        "literal": {
            "urls": [
                "<http://www.w3.org/2000/01/rdf-schema#Literal>"
            ]
        },
        "concept": {
            "urls": [
                "<http://erlangen-crm.org/efrbroo/F6_Concept>",
                "<http://www.w3.org/2004/02/skos/core#Concept>"
            ]
        },
        "concept scheme": {
            "urls": [
                "<http://www.w3.org/2004/02/skos/core#ConceptScheme>"
            ]
        },
        "complex work": {
            "urls": [
                "<http://erlangen-crm.org/efrbroo/F15_Complex_Work>"
            ]
        },
        "container work": {
            "urls": [
                "<http://erlangen-crm.org/efrbroo/F16_Container_Work>"
            ]
        },
        "aggregation work": {
            "urls": [
                "<http://erlangen-crm.org/efrbroo/F17_Aggregation_Work>"
            ]
        },
        "individual work": {
            "urls": [
                "<http://erlangen-crm.org/efrbroo/F14_Individual_Work>"
            ]
        },
        "publication work": {
            "urls": [
                "<http://erlangen-crm.org/efrbroo/F19_Publication_Work>"
            ]
        },
        "representative manifestation assignment": {
            "urls": [
                "<http://erlangen-crm.org/efrbroo/F41_Representative_Manifestation_Assignment>"
            ]
        },
        "performance plan": {
            "urls": [
                "<http://erlangen-crm.org/efrbroo/F25_Performance_Plan>"
            ]
        },
        "self-contained expression": {
            "urls": [
                "<http://erlangen-crm.org/efrbroo/F22_Self-Contained_Expression>"
            ]
        },
        "identifier": {
            "urls": [
                "<http://erlangen-crm.org/efrbroo/F13_Identifier>"
            ]
        },
        "name": {
            "urls": [
                "<http://erlangen-crm.org/efrbroo/F12_Name>"
            ]
        },
        "serial work": {
            "urls": [
                "<http://erlangen-crm.org/efrbroo/F18_Serial_Work>"
            ]
        },
        "publication expression": {
            "urls": [
                "<http://erlangen-crm.org/efrbroo/F24_Publication_Expression>"
            ]
        },
        "publication event": {
            "urls": [
                "<http://erlangen-crm.org/efrbroo/F30_Publication_Event>"
            ]
        },
        "expression fragment": {
            "urls": [
                "<http://erlangen-crm.org/efrbroo/F23_Expression_Fragment>"
            ]
        },
        "performance": {
            "urls": [
                "<http://erlangen-crm.org/efrbroo/F31_Performance>"
            ]
        },
        "performance work": {
            "urls": [
                "<http://erlangen-crm.org/efrbroo/F20_Performance_Work>"
            ]
        },
        "identifier rule": {
            "urls": [
                "<http://erlangen-crm.org/efrbroo/F43_Identifier_Rule>"
            ]
        },
        "object": {
            "urls": [
                "<http://erlangen-crm.org/efrbroo/F7_Object>"
            ]
        },
        "manifestation product type": {
            "urls": [
                "<http://erlangen-crm.org/efrbroo/F3_Manifestation_Product_Type>"
            ]
        },
        "event": {
            "urls": [
                "<http://erlangen-crm.org/efrbroo/F8_Event>"
            ]
        },
        "corporate body": {
            "urls": [
                "<http://erlangen-crm.org/efrbroo/F11_Corporate_Body>"
            ]
        },
        "recording": {
            "urls": [
                "<http://erlangen-crm.org/efrbroo/F26_Recording>"
            ]
        },
        "recording event": {
            "urls": [
                "<http://erlangen-crm.org/efrbroo/F29_Recording_Event>"
            ]
        },
        "carrier production event": {
            "urls": [
                "<http://erlangen-crm.org/efrbroo/F32_Carrier_Production_Event>"
            ]
        },
        "place": {
            "urls": [
                "<http://erlangen-crm.org/efrbroo/F9_Place>"
            ]
        },
        "recording work": {
            "urls": [
                "<http://erlangen-crm.org/efrbroo/F21_Recording_Work>"
            ]
        },
        "reproduction event": {
            "urls": [
                "<http://erlangen-crm.org/efrbroo/F33_Reproduction_Event>"
            ]
        },
        "person": {
            "urls": [
                "<http://erlangen-crm.org/efrbroo/F10_Person>"
            ]
        },
        "representative expression assignment": {
            "urls": [
                "<http://erlangen-crm.org/efrbroo/F42_Representative_Expression_Assignment>"
            ]
        },
        "item": {
            "urls": [
                "<http://erlangen-crm.org/efrbroo/F5_Item>"
            ]
        },
        "identifier assignment": {
            "urls": [
                "<http://erlangen-crm.org/efrbroo/F40_Identifier_Assignment>"
            ]
        },
        "bibliographic agency": {
            "urls": [
                "<http://erlangen-crm.org/efrbroo/F44_Bibliographic_Agency>"
            ]
        }
    },
    "property": {
        "data provider url": {
            "urls": [
                "<http://ldf.fi/schema/mmm/data_provider_url>"
            ]
        },
        "source": {
            "urls": [
                "<http://purl.org/dc/terms/source>"
            ],
            "synonyms": [
                "germinating",
                "refer",
                "rooted",
                "generating",
                "inform",
                "root",
                "refers",
                "originate",
                "referencing",
                "referenced",
                "germinated",
                "generate",
                "generated",
                "sourced",
                "references",
                "generates",
                "reference",
                "referring",
                "referred",
                "rooter",
                "informs",
                "originated",
                "informed",
                "roots",
                "roottest",
                "germinal",
                "sources",
                "originates",
                "sourcing",
                "germinate",
                "auctorial",
                "germinates",
                "originating",
                "informing",
                "rooting"
            ]
        },
        "type": {
            "urls": [
                "<http://www.w3.org/1999/02/22-rdf-syntax-ns#type>"
            ],
            "synonyms": [
                "types",
                "typed",
                "typing",
                "typifies",
                "typify",
                "typified",
                "typic",
                "typifying"
            ]
        },
        "pref label": {
            "urls": [
                "<http://www.w3.org/2004/02/skos/core#prefLabel>"
            ]
        },
        "sub property of": {
            "urls": [
                "<http://www.w3.org/2000/01/rdf-schema#subPropertyOf>"
            ]
        },
        "modified": {
            "urls": [
                "<http://purl.org/dc/terms/modified>"
            ]
        },
        "page": {
            "urls": [
                "<http://xmlns.com/foaf/0.1/page>"
            ],
            "synonyms": [
                "paginating",
                "paginated",
                "paginate",
                "pages",
                "paged",
                "paginates",
                "paging"
            ]
        },
        "comment": {
            "urls": [
                "<http://www.w3.org/2000/01/rdf-schema#comment>"
            ],
            "synonyms": [
                "commenting",
                "gossip",
                "remarked",
                "commentate",
                "commentated",
                "comments",
                "remarks",
                "gossiping",
                "remark",
                "gossiped",
                "gossips",
                "commentates",
                "remarking",
                "commentating",
                "commented"
            ]
        },
        "is defined by": {
            "urls": [
                "<http://www.w3.org/2000/01/rdf-schema#isDefinedBy>"
            ]
        },
        "label": {
            "urls": [
                "<http://www.w3.org/2000/01/rdf-schema#label>"
            ],
            "synonyms": [
                "labels",
                "labeling",
                "labelled",
                "labeled"
            ]
        },
        "range": {
            "urls": [
                "<http://www.w3.org/2000/01/rdf-schema#range>"
            ],
            "synonyms": [
                "compassing",
                "reaches",
                "ranges",
                "compassed",
                "rangy",
                "reaching",
                "reach",
                "ranged",
                "reached",
                "compass",
                "ranging",
                "scopal",
                "compasses"
            ]
        },
        "domain": {
            "urls": [
                "<http://www.w3.org/2000/01/rdf-schema#domain>"
            ]
        },
        "sub class of": {
            "urls": [
                "<http://www.w3.org/2000/01/rdf-schema#subClassOf>"
            ]
        },
        "notation": {
            "urls": [
                "<http://www.w3.org/2004/02/skos/core#notation>"
            ],
            "synonyms": [
                "notated",
                "annotate",
                "notes",
                "noted",
                "annotating",
                "annotates",
                "notating",
                "annotated",
                "notate",
                "notates",
                "noting",
                "note"
            ]
        },
        "definition": {
            "urls": [
                "<http://www.w3.org/2004/02/skos/core#definition>"
            ],
            "synonyms": [
                "defining",
                "define",
                "defined",
                "defines"
            ]
        },
        "gender": {
            "urls": [
                "<http://ldf.fi/schema/mmm/gender>"
            ],
            "synonyms": [
                "sex",
                "sexes",
                "sexed",
                "sexual",
                "sexing"
            ]
        },
        "biblissima id": {
            "urls": [
                "<http://ldf.fi/schema/mmm/biblissima_id>"
            ]
        },
        "religion": {
            "urls": [
                "<http://ldf.fi/schema/mmm/religion>"
            ],
            "synonyms": [
                "religious"
            ]
        },
        "same as": {
            "urls": [
                "<http://www.w3.org/2002/07/owl#sameAs>"
            ]
        },
        "inverse of": {
            "urls": [
                "<http://www.w3.org/2002/07/owl#inverseOf>"
            ]
        },
        "recon date": {
            "urls": [
                "<http://ldf.fi/schema/mmm/recon_date>"
            ]
        },
        "alt label": {
            "urls": [
                "<http://www.w3.org/2004/02/skos/core#altLabel>"
            ]
        },
        "example": {
            "urls": [
                "<http://www.w3.org/2004/02/skos/core#example>"
            ],
            "synonyms": [
                "model",
                "illustrating",
                "exemplary",
                "instantiated",
                "models",
                "instances",
                "instantiates",
                "illustrate",
                "exemplifies",
                "instanced",
                "modeling",
                "instancing",
                "exemplifying",
                "exemplify",
                "illustrated",
                "exemplified",
                "modeled",
                "instance",
                "modelest",
                "instantiating",
                "illustrates",
                "instantiate",
                "modeler"
            ]
        },
        "collection location": {
            "urls": [
                "<http://ldf.fi/schema/mmm/collection_location>"
            ]
        },
        "collection type": {
            "urls": [
                "<http://ldf.fi/schema/mmm/collection_type>"
            ]
        },
        "bibale country": {
            "urls": [
                "<http://ldf.fi/schema/mmm/bibale_country>"
            ]
        },
        "bibale region": {
            "urls": [
                "<http://ldf.fi/schema/mmm/bibale_region>"
            ]
        },
        "bibale settlement": {
            "urls": [
                "<http://ldf.fi/schema/mmm/bibale_settlement>"
            ]
        },
        "geonames class description": {
            "urls": [
                "<http://ldf.fi/schema/mmm/geonames_class_description>"
            ]
        },
        "geonames country": {
            "urls": [
                "<http://ldf.fi/schema/mmm/geonames_country>"
            ]
        },
        "geonames uri": {
            "urls": [
                "<http://ldf.fi/schema/mmm/geonames_uri>"
            ]
        },
        "place type": {
            "urls": [
                "<http://ldf.fi/schema/mmm/place_type>"
            ]
        },
        "name": {
            "urls": [
                "<http://www.w3.org/ns/sparql-service-description#name>",
                "<http://www.geonames.org/ontology#name>"
            ],
            "synonyms": [
                "names",
                "named",
                "naming"
            ]
        },
        "wikipedia article": {
            "urls": [
                "<http://www.geonames.org/ontology#wikipediaArticle>"
            ]
        },
        "lat": {
            "urls": [
                "<http://www.w3.org/2003/01/geo/wgs84_pos#lat>"
            ]
        },
        "long": {
            "urls": [
                "<http://www.w3.org/2003/01/geo/wgs84_pos#long>"
            ]
        },
        "broader preferred": {
            "urls": [
                "<http://vocab.getty.edu/ontology#broaderPreferred>"
            ]
        },
        "place type preferred": {
            "urls": [
                "<http://vocab.getty.edu/ontology#placeTypePreferred>"
            ]
        },
        "decade": {
            "urls": [
                "<http://ldf.fi/schema/mmm/decade>"
            ]
        },
        "carried out by as author": {
            "urls": [
                "<http://ldf.fi/schema/mmm/carried_out_by_as_author>"
            ]
        },
        "carried out by as scribe": {
            "urls": [
                "<http://ldf.fi/schema/mmm/carried_out_by_as_scribe>"
            ]
        },
        "shelfmark bnf latin": {
            "urls": [
                "<http://ldf.fi/schema/mmm/shelfmark_bnf_latin>"
            ]
        },
        "manuscript author": {
            "urls": [
                "<http://ldf.fi/schema/mmm/manuscript_author>"
            ]
        },
        "manuscript work": {
            "urls": [
                "<http://ldf.fi/schema/mmm/manuscript_work>"
            ]
        },
        "catalog or lot number": {
            "urls": [
                "<http://ldf.fi/schema/mmm/catalog_or_lot_number>"
            ]
        },
        "last known location": {
            "urls": [
                "<http://ldf.fi/schema/mmm/last_known_location>"
            ]
        },
        "last known location sdbm": {
            "urls": [
                "<http://ldf.fi/schema/mmm/last_known_location_sdbm>"
            ]
        },
        "last known location bibale": {
            "urls": [
                "<http://ldf.fi/schema/mmm/last_known_location_bibale>"
            ]
        },
        "columns": {
            "urls": [
                "<http://ldf.fi/schema/mmm/columns>"
            ],
            "synonyms": [
                "towers",
                "towered",
                "editorializes",
                "editorialized",
                "editorialize",
                "editorializing",
                "columnar",
                "towering",
                "tower"
            ]
        },
        "decorated initials": {
            "urls": [
                "<http://ldf.fi/schema/mmm/decorated_initials>"
            ]
        },
        "folios": {
            "urls": [
                "<http://ldf.fi/schema/mmm/folios>"
            ],
            "synonyms": [
                "leafing",
                "leaf",
                "leaves",
                "leafs",
                "leafed"
            ]
        },
        "lines": {
            "urls": [
                "<http://ldf.fi/schema/mmm/lines>"
            ],
            "synonyms": [
                "descended",
                "line",
                "occupied",
                "occupies",
                "contrasted",
                "lining",
                "crinkling",
                "descends",
                "crinkled",
                "channelize",
                "furrow",
                "contrasting",
                "occupy",
                "melodized",
                "channelized",
                "melodizing",
                "arguing",
                "descending",
                "crinkly",
                "wrinkles",
                "wrinkled",
                "wrinkling",
                "lined",
                "creases",
                "demarcated",
                "crease",
                "channeled",
                "argues",
                "demarcating",
                "crinkle",
                "parents",
                "wrinkle",
                "parented",
                "argue",
                "argued",
                "melodizes",
                "creasing",
                "creased",
                "parenting",
                "furrows",
                "channel",
                "lineal",
                "demarcate",
                "channeling",
                "channelizes",
                "occupying",
                "furrowing",
                "contrast",
                "crinkles",
                "furrowed",
                "melodious",
                "channels",
                "parent",
                "channelizing",
                "demarcates",
                "descend",
                "melodize",
                "contrasts"
            ]
        },
        "carried out by as illuminator": {
            "urls": [
                "<http://ldf.fi/schema/mmm/carried_out_by_as_illuminator>"
            ]
        },
        "binding": {
            "urls": [
                "<http://ldf.fi/schema/mmm/binding>"
            ],
            "synonyms": [
                "covers",
                "dressing",
                "dress",
                "backed",
                "dresser",
                "covered",
                "back",
                "bound",
                "backest",
                "covering",
                "backing",
                "dressest",
                "backer",
                "cover",
                "binds",
                "dressed",
                "backs",
                "dresses",
                "bind"
            ]
        },
        "height": {
            "urls": [
                "<http://ldf.fi/schema/mmm/height>"
            ],
            "synonyms": [
                "superlative",
                "topped",
                "elevating",
                "peaks",
                "topper",
                "peak",
                "peakkest",
                "peaked",
                "altitudinal",
                "toppest",
                "peaking",
                "elevates",
                "topping",
                "tall",
                "top",
                "elevated",
                "elevate",
                "peakker",
                "altitudinous",
                "meridian",
                "tops"
            ]
        },
        "width": {
            "urls": [
                "<http://ldf.fi/schema/mmm/width>"
            ]
        },
        "shelfmark bnf nal": {
            "urls": [
                "<http://ldf.fi/schema/mmm/shelfmark_bnf_nal>"
            ]
        },
        "carried out by as commissioner": {
            "urls": [
                "<http://ldf.fi/schema/mmm/carried_out_by_as_commissioner>"
            ]
        },
        "shelfmark arsenal": {
            "urls": [
                "<http://ldf.fi/schema/mmm/shelfmark_arsenal>"
            ]
        },
        "phillipps number": {
            "urls": [
                "<http://ldf.fi/schema/mmm/phillipps_number>"
            ]
        },
        "historiated initials": {
            "urls": [
                "<http://ldf.fi/schema/mmm/historiated_initials>"
            ]
        },
        "last known location bodley": {
            "urls": [
                "<http://ldf.fi/schema/mmm/last_known_location_bodley>"
            ]
        },
        "carried out by as printer": {
            "urls": [
                "<http://ldf.fi/schema/mmm/carried_out_by_as_printer>"
            ]
        },
        "shelfmark bnf hebreu": {
            "urls": [
                "<http://ldf.fi/schema/mmm/shelfmark_bnf_hebreu>"
            ]
        },
        "observed manuscript": {
            "urls": [
                "<http://ldf.fi/schema/mmm/observed_manuscript>"
            ]
        },
        "ownership attributed to": {
            "urls": [
                "<http://ldf.fi/schema/mmm/ownership_attributed_to>"
            ]
        },
        "carried out by as editor": {
            "urls": [
                "<http://ldf.fi/schema/mmm/carried_out_by_as_editor>"
            ]
        },
        "carried out by as translator": {
            "urls": [
                "<http://ldf.fi/schema/mmm/carried_out_by_as_translator>"
            ]
        },
        "carried out by as recipient": {
            "urls": [
                "<http://ldf.fi/schema/mmm/carried_out_by_as_recipient>"
            ]
        },
        "shelfmark christ church": {
            "urls": [
                "<http://ldf.fi/schema/mmm/shelfmark_christ_church>"
            ]
        },
        "shelfmark barocci": {
            "urls": [
                "<http://ldf.fi/schema/mmm/shelfmark_barocci>"
            ]
        },
        "shelfmark buchanan": {
            "urls": [
                "<http://ldf.fi/schema/mmm/shelfmark_buchanan>"
            ]
        },
        "source date": {
            "urls": [
                "<http://ldf.fi/schema/mmm/source_date>"
            ]
        },
        "external url": {
            "urls": [
                "<http://ldf.fi/schema/mmm/external_url>"
            ]
        },
        "institution literal": {
            "urls": [
                "<http://ldf.fi/schema/mmm/institution_literal>"
            ]
        },
        "location literal": {
            "urls": [
                "<http://ldf.fi/schema/mmm/location_literal>"
            ]
        },
        "carried out by as artist": {
            "urls": [
                "<http://ldf.fi/schema/mmm/carried_out_by_as_artist>"
            ]
        },
        "miniatures": {
            "urls": [
                "<http://ldf.fi/schema/mmm/miniatures>"
            ],
            "synonyms": [
                "illuminates",
                "miniaturizes",
                "illuminate",
                "miniaturize",
                "miniaturised",
                "illuminating",
                "miniaturise",
                "miniaturising",
                "illuminated",
                "miniaturizing",
                "miniaturises",
                "miniaturized"
            ]
        },
        "order": {
            "urls": [
                "<http://ldf.fi/schema/mmm/order>"
            ],
            "synonyms": [
                "decreed",
                "decree",
                "ordering",
                "decreeing",
                "club",
                "clubby",
                "clubs",
                "clubbing",
                "decrees",
                "orders",
                "clubbed",
                "orderly",
                "ordered"
            ]
        },
        "carried out by as selling agent": {
            "urls": [
                "<http://ldf.fi/schema/mmm/carried_out_by_as_selling_agent>"
            ]
        },
        "had sales price": {
            "urls": [
                "<http://ldf.fi/schema/mmm/had_sales_price>"
            ]
        },
        "source agent": {
            "urls": [
                "<http://ldf.fi/schema/mmm/source_agent>"
            ]
        },
        "source location": {
            "urls": [
                "<http://ldf.fi/schema/mmm/source_location>"
            ]
        },
        "carried out by as possible author": {
            "urls": [
                "<http://ldf.fi/schema/mmm/carried_out_by_as_possible_author>"
            ]
        },
        "license": {
            "urls": [
                "<http://purl.org/dc/terms/license>"
            ],
            "synonyms": [
                "licencing",
                "licenced",
                "licenses",
                "licensed",
                "permits",
                "licensing",
                "licence",
                "permit",
                "permitting",
                "licentious",
                "licences",
                "permitted"
            ]
        },
        "publisher": {
            "urls": [
                "<http://purl.org/dc/terms/publisher>"
            ],
            "synonyms": [
                "publishing",
                "published",
                "publishes",
                "publish"
            ]
        },
        "rights holder": {
            "urls": [
                "<http://purl.org/dc/terms/rightsHolder>"
            ]
        },
        "creator": {
            "urls": [
                "<http://purl.org/dc/terms/creator>"
            ],
            "synonyms": [
                "creates",
                "almighty",
                "creating",
                "create"
            ]
        },
        "homepage": {
            "urls": [
                "<http://xmlns.com/foaf/0.1/homepage>"
            ]
        },
        "mbox": {
            "urls": [
                "<http://xmlns.com/foaf/0.1/mbox>"
            ]
        },
        "phone": {
            "urls": [
                "<http://xmlns.com/foaf/0.1/phone>"
            ],
            "synonyms": [
                "phonetic",
                "phonating",
                "sound",
                "soundest",
                "sounding",
                "sounds",
                "sounded",
                "phonic",
                "phoned",
                "sounder",
                "phonates",
                "phoning",
                "phonated",
                "phonate",
                "telephone",
                "telephoned",
                "telephones",
                "telephoning",
                "phones"
            ]
        },
        "scope note": {
            "urls": [
                "<http://www.w3.org/2004/02/skos/core#scopeNote>"
            ]
        },
        "disjoint with": {
            "urls": [
                "<http://www.w3.org/2002/07/owl#disjointWith>"
            ]
        },
        "version info": {
            "urls": [
                "<http://www.w3.org/2002/07/owl#versionInfo>"
            ]
        },
        "on property": {
            "urls": [
                "<http://www.w3.org/2002/07/owl#onProperty>"
            ]
        },
        "min cardinality": {
            "urls": [
                "<http://www.w3.org/2002/07/owl#minCardinality>"
            ]
        },
        "cardinality": {
            "urls": [
                "<http://www.w3.org/2002/07/owl#cardinality>"
            ]
        },
        "some values from": {
            "urls": [
                "<http://www.w3.org/2002/07/owl#someValuesFrom>"
            ]
        },
        "max cardinality": {
            "urls": [
                "<http://www.w3.org/2002/07/owl#maxCardinality>"
            ]
        },
        "imports": {
            "urls": [
                "<http://www.w3.org/2002/07/owl#imports>"
            ],
            "synonyms": [
                "implicate",
                "implicating",
                "meant",
                "signifies",
                "meaner",
                "implicates",
                "implies",
                "importing",
                "significant",
                "mean",
                "import",
                "imported",
                "imply",
                "signify",
                "signifying",
                "implying",
                "consequential",
                "means",
                "meanest",
                "implied",
                "meaning",
                "momentous",
                "signified",
                "implicated"
            ]
        },
        "equivalent class": {
            "urls": [
                "<http://www.w3.org/2002/07/owl#equivalentClass>"
            ]
        },
        "data visualization": {
            "urls": [
                "<http://ldf.fi/schema/ldf/dataVisualization>"
            ]
        },
        "star rating": {
            "urls": [
                "<http://ldf.fi/schema/ldf/starRating>"
            ]
        },
        "description": {
            "urls": [
                "<http://purl.org/dc/terms/description>"
            ],
            "synonyms": [
                "describes",
                "describing",
                "described",
                "describe"
            ]
        },
        "title": {
            "urls": [
                "<http://purl.org/dc/terms/title>"
            ],
            "synonyms": [
                "titulary",
                "claiming",
                "claimed",
                "titled",
                "titler",
                "claim",
                "titles",
                "titlest",
                "titling",
                "titular",
                "claims"
            ]
        },
        "sparql endpoint": {
            "urls": [
                "<http://rdfs.org/ns/void#sparqlEndpoint>"
            ]
        },
        "uri lookup end point": {
            "urls": [
                "<http://rdfs.org/ns/void#uriLookupEndPoint>"
            ]
        },
        "uri space": {
            "urls": [
                "<http://rdfs.org/ns/void#uriSpace>"
            ]
        },
        "named graph": {
            "urls": [
                "<http://www.w3.org/ns/sparql-service-description#namedGraph>"
            ]
        },
        "default dataset": {
            "urls": [
                "<http://www.w3.org/ns/sparql-service-description#defaultDataset>"
            ]
        },
        "default entailment regime": {
            "urls": [
                "<http://www.w3.org/ns/sparql-service-description#defaultEntailmentRegime>"
            ]
        },
        "endpoint": {
            "urls": [
                "<http://www.w3.org/ns/sparql-service-description#endpoint>"
            ],
            "synonyms": [
                "terminating",
                "terminates",
                "terminated",
                "terminate"
            ]
        },
        "feature": {
            "urls": [
                "<http://www.w3.org/ns/sparql-service-description#feature>"
            ],
            "synonyms": [
                "features",
                "featuring",
                "featured"
            ]
        },
        "result format": {
            "urls": [
                "<http://www.w3.org/ns/sparql-service-description#resultFormat>"
            ]
        },
        "supported language": {
            "urls": [
                "<http://www.w3.org/ns/sparql-service-description#supportedLanguage>"
            ]
        },
        "graph": {
            "urls": [
                "<http://www.w3.org/ns/sparql-service-description#graph>"
            ],
            "synonyms": [
                "graphs",
                "graphical",
                "graphing",
                "graphed"
            ]
        },
        "example resource": {
            "urls": [
                "<http://rdfs.org/ns/void#exampleResource>"
            ]
        },
        "vocabulary": {
            "urls": [
                "<http://rdfs.org/ns/void#vocabulary>"
            ],
            "synonyms": [
                "lexical"
            ]
        },
        "created": {
            "urls": [
                "<http://erlangen-crm.org/efrbroo/R24_created>",
                "<http://erlangen-crm.org/efrbroo/R21_created>",
                "<http://erlangen-crm.org/efrbroo/R18_created>",
                "<http://erlangen-crm.org/efrbroo/R17_created>"
            ]
        },
        "created a realisation of": {
            "urls": [
                "<http://erlangen-crm.org/efrbroo/R23_created_a_realisation_of>",
                "<http://erlangen-crm.org/efrbroo/R19_created_a_realisation_of>",
                "<http://erlangen-crm.org/efrbroo/R22_created_a_realisation_of>"
            ]
        },
        "initiated": {
            "urls": [
                "<http://erlangen-crm.org/efrbroo/R16_initiated>"
            ]
        },
        "has top concept": {
            "urls": [
                "<http://www.w3.org/2004/02/skos/core#hasTopConcept>"
            ]
        },
        "was realised through": {
            "urls": [
                "<http://erlangen-crm.org/efrbroo/R22i_was_realised_through>",
                "<http://erlangen-crm.org/efrbroo/R23i_was_realised_through>",
                "<http://erlangen-crm.org/efrbroo/R19i_was_realised_through>"
            ]
        },
        "was initiated by": {
            "urls": [
                "<http://erlangen-crm.org/efrbroo/R16i_was_initiated_by>"
            ]
        },
        "has member": {
            "urls": [
                "<http://erlangen-crm.org/efrbroo/R10_has_member>"
            ]
        },
        "was created by": {
            "urls": [
                "<http://erlangen-crm.org/efrbroo/R17i_was_created_by>",
                "<http://erlangen-crm.org/efrbroo/R18i_was_created_by>"
            ]
        },
        "should be dimension of": {
            "urls": [
                "<http://erlangen-crm.org/efrbroo/CLP43i_should_be_dimension_of>"
            ]
        },
        "realises": {
            "urls": [
                "<http://erlangen-crm.org/efrbroo/R12i_realises>",
                "<http://erlangen-crm.org/efrbroo/R13i_realises>",
                "<http://erlangen-crm.org/efrbroo/R3i_realises>",
                "<http://erlangen-crm.org/efrbroo/R9i_realises>"
            ]
        },
        "is reproduction of": {
            "urls": [
                "<http://erlangen-crm.org/efrbroo/R31_is_reproduction_of>"
            ]
        },
        "was produced by": {
            "urls": [
                "<http://erlangen-crm.org/efrbroo/R28i_was_produced_by>",
                "<http://erlangen-crm.org/efrbroo/R30i_was_produced_by>",
                "<http://erlangen-crm.org/efrbroo/R26i_was_produced_by>"
            ]
        },
        "should be carried by": {
            "urls": [
                "<http://erlangen-crm.org/efrbroo/CLR6i_should_be_carried_by>"
            ]
        },
        "was created through": {
            "urls": [
                "<http://erlangen-crm.org/efrbroo/R21i_was_created_through>",
                "<http://erlangen-crm.org/efrbroo/R24i_was_created_through>"
            ]
        },
        "should carry": {
            "urls": [
                "<http://erlangen-crm.org/efrbroo/CLR6_should_carry>"
            ]
        },
        "should have dimension": {
            "urls": [
                "<http://erlangen-crm.org/efrbroo/CLP43_should_have_dimension>"
            ]
        },
        "applies to": {
            "urls": [
                "<http://erlangen-crm.org/efrbroo/CLP104i_applies_to>"
            ]
        },
        "recorded": {
            "urls": [
                "<http://erlangen-crm.org/efrbroo/R20_recorded>"
            ]
        },
        "produced": {
            "urls": [
                "<http://erlangen-crm.org/efrbroo/R30_produced>",
                "<http://erlangen-crm.org/efrbroo/R28_produced>"
            ]
        },
        "reproduced": {
            "urls": [
                "<http://erlangen-crm.org/efrbroo/R29_reproduced>"
            ]
        },
        "is realised in": {
            "urls": [
                "<http://erlangen-crm.org/efrbroo/R3_is_realised_in>",
                "<http://erlangen-crm.org/efrbroo/R13_is_realised_in>",
                "<http://erlangen-crm.org/efrbroo/R12_is_realised_in>",
                "<http://erlangen-crm.org/efrbroo/R9_is_realised_in>"
            ]
        },
        "is example of": {
            "urls": [
                "<http://erlangen-crm.org/efrbroo/R7_is_example_of>"
            ]
        },
        "carries": {
            "urls": [
                "<http://erlangen-crm.org/efrbroo/R6_carries>"
            ],
            "synonyms": [
                "carried",
                "carry",
                "carrying"
            ]
        },
        "has reproduction": {
            "urls": [
                "<http://erlangen-crm.org/efrbroo/R31i_has_reproduction>"
            ]
        },
        "was the rule used in": {
            "urls": [
                "<http://erlangen-crm.org/efrbroo/R52i_was_the_rule_used_in>"
            ]
        },
        "used rule": {
            "urls": [
                "<http://erlangen-crm.org/efrbroo/R52_used_rule>"
            ]
        },
        "assigned": {
            "urls": [
                "<http://erlangen-crm.org/efrbroo/R49_assigned>",
                "<http://erlangen-crm.org/efrbroo/R46_assigned>",
                "<http://erlangen-crm.org/efrbroo/R51_assigned>",
                "<http://erlangen-crm.org/efrbroo/R53_assigned>"
            ]
        },
        "has issuing rule": {
            "urls": [
                "<http://erlangen-crm.org/efrbroo/R11_has_issuing_rule>"
            ]
        },
        "was assigned by": {
            "urls": [
                "<http://erlangen-crm.org/efrbroo/R45i_was_assigned_by>",
                "<http://erlangen-crm.org/efrbroo/R51i_was_assigned_by>",
                "<http://erlangen-crm.org/efrbroo/R48i_was_assigned_by>",
                "<http://erlangen-crm.org/efrbroo/R53i_was_assigned_by>",
                "<http://erlangen-crm.org/efrbroo/R46i_was_assigned_by>",
                "<http://erlangen-crm.org/efrbroo/R50i_was_assigned_by>",
                "<http://erlangen-crm.org/efrbroo/R49i_was_assigned_by>"
            ]
        },
        "should have type": {
            "urls": [
                "<http://erlangen-crm.org/efrbroo/CLP2_should_have_type>"
            ]
        },
        "performed": {
            "urls": [
                "<http://erlangen-crm.org/efrbroo/R44i_performed>",
                "<http://erlangen-crm.org/efrbroo/R43i_performed>",
                "<http://erlangen-crm.org/efrbroo/R25_performed>"
            ]
        },
        "carried out by": {
            "urls": [
                "<http://erlangen-crm.org/efrbroo/R43_carried_out_by>",
                "<http://erlangen-crm.org/efrbroo/R44_carried_out_by>"
            ]
        },
        "is carried by": {
            "urls": [
                "<http://erlangen-crm.org/efrbroo/R6i_is_carried_by>"
            ]
        },
        "was recorded through": {
            "urls": [
                "<http://erlangen-crm.org/efrbroo/R20i_was_recorded_through>"
            ]
        },
        "produced things of type": {
            "urls": [
                "<http://erlangen-crm.org/efrbroo/R26_produced_things_of_type>"
            ]
        },
        "is representative manifestation product type for": {
            "urls": [
                "<http://erlangen-crm.org/efrbroo/R41i_is_representative_manifestation_product_type_for>"
            ]
        },
        "has representative manifestation product type": {
            "urls": [
                "<http://erlangen-crm.org/efrbroo/R41_has_representative_manifestation_product_type>"
            ]
        },
        "subject to": {
            "urls": [
                "<http://erlangen-crm.org/efrbroo/CLP104_subject_to>"
            ]
        },
        "used constituent": {
            "urls": [
                "<http://erlangen-crm.org/efrbroo/R47_used_constituent>"
            ]
        },
        "should be type of": {
            "urls": [
                "<http://erlangen-crm.org/efrbroo/CLP2i_should_be_type_of>"
            ]
        },
        "should consist of": {
            "urls": [
                "<http://erlangen-crm.org/efrbroo/CLP45_should_consist_of>"
            ]
        },
        "may form part of": {
            "urls": [
                "<http://erlangen-crm.org/efrbroo/CLP46i_may_form_part_of>"
            ]
        },
        "should be composed of": {
            "urls": [
                "<http://erlangen-crm.org/efrbroo/CLP46_should_be_composed_of>"
            ]
        },
        "has derivative": {
            "urls": [
                "<http://erlangen-crm.org/efrbroo/R2i_has_derivative>"
            ]
        },
        "is derivative of": {
            "urls": [
                "<http://erlangen-crm.org/efrbroo/R2_is_derivative_of>"
            ]
        },
        "is fragment of": {
            "urls": [
                "<http://erlangen-crm.org/efrbroo/R15i_is_fragment_of>"
            ]
        },
        "has fragment": {
            "urls": [
                "<http://erlangen-crm.org/efrbroo/R15_has_fragment>"
            ]
        },
        "is logical successor of": {
            "urls": [
                "<http://erlangen-crm.org/efrbroo/R1_is_logical_successor_of>"
            ]
        },
        "was used by": {
            "urls": [
                "<http://erlangen-crm.org/efrbroo/R27i_was_used_by>"
            ]
        },
        "used as source material": {
            "urls": [
                "<http://erlangen-crm.org/efrbroo/R27_used_as_source_material>"
            ]
        },
        "has example": {
            "urls": [
                "<http://erlangen-crm.org/efrbroo/R7i_has_example>"
            ]
        },
        "forms part of": {
            "urls": [
                "<http://erlangen-crm.org/efrbroo/R8i_forms_part_of>"
            ]
        },
        "consists of": {
            "urls": [
                "<http://erlangen-crm.org/efrbroo/R8_consists_of>"
            ]
        },
        "is representative manifestation singleton for": {
            "urls": [
                "<http://erlangen-crm.org/efrbroo/R42_is_representative_manifestation_singleton_for>"
            ]
        },
        "carriers provided by": {
            "urls": [
                "<http://erlangen-crm.org/efrbroo/R4_carriers_provided_by>"
            ]
        },
        "has representative manifestation singleton": {
            "urls": [
                "<http://erlangen-crm.org/efrbroo/R42i_has_representative_manifestation_singleton>"
            ]
        },
        "comprises carriers of": {
            "urls": [
                "<http://erlangen-crm.org/efrbroo/R4i_comprises_carriers_of>"
            ]
        },
        "assigned to": {
            "urls": [
                "<http://erlangen-crm.org/efrbroo/R48_assigned_to>",
                "<http://erlangen-crm.org/efrbroo/R45_assigned_to>",
                "<http://erlangen-crm.org/efrbroo/R50_assigned_to>"
            ]
        },
        "right on": {
            "urls": [
                "<http://erlangen-crm.org/efrbroo/CLP105i_right_on>"
            ]
        },
        "right held by": {
            "urls": [
                "<http://erlangen-crm.org/efrbroo/CLP105_right_held_by>"
            ]
        },
        "was reproduced by": {
            "urls": [
                "<http://erlangen-crm.org/efrbroo/R29i_was_reproduced_by>"
            ]
        },
        "was performed in": {
            "urls": [
                "<http://erlangen-crm.org/efrbroo/R25i_was_performed_in>"
            ]
        },
        "has successor": {
            "urls": [
                "<http://erlangen-crm.org/efrbroo/R1i_has_successor>"
            ]
        },
        "is component of": {
            "urls": [
                "<http://erlangen-crm.org/efrbroo/R5i_is_component_of>"
            ]
        },
        "has component": {
            "urls": [
                "<http://erlangen-crm.org/efrbroo/R5_has_component>"
            ]
        },
        "is issuing rule of": {
            "urls": [
                "<http://erlangen-crm.org/efrbroo/R11i_is_issuing_rule_of>"
            ]
        },
        "incorporates": {
            "urls": [
                "<http://erlangen-crm.org/efrbroo/R14_incorporates>"
            ]
        },
        "has representative expression": {
            "urls": [
                "<http://erlangen-crm.org/efrbroo/R40_has_representative_expression>"
            ]
        },
        "is incorporated in": {
            "urls": [
                "<http://erlangen-crm.org/efrbroo/R14i_is_incorporated_in>"
            ]
        },
        "was used in": {
            "urls": [
                "<http://erlangen-crm.org/efrbroo/R47i_was_used_in>"
            ]
        },
        "should be incorporated in": {
            "urls": [
                "<http://erlangen-crm.org/efrbroo/CLP45i_should_be_incorporated_in>"
            ]
        },
        "is member of": {
            "urls": [
                "<http://erlangen-crm.org/efrbroo/R10i_is_member_of>"
            ]
        },
        "is representative expression for": {
            "urls": [
                "<http://erlangen-crm.org/efrbroo/R40i_is_representative_expression_for>"
            ]
        },
        "should have number of parts": {
            "urls": [
                "<http://erlangen-crm.org/efrbroo/CLP57_should_have_number_of_parts>"
            ]
        }
    }
}
